{
    "accel": 2.145315278261032,
    "decel": 2.1093936757606735,
    "sigma": 0.7376673311081843,
    "minGap": 4.4925177381112835,
    "tau": 1.9907767737441109
}